REG_NAME,OKTMO_NUM,OKTMO_territory_code,Excess_mortality_apr_feb_per_capita,Salary_Region_to_Country_Ratio,Population_Below_Living_Wage_Share,Modern_Retail_Area_per_capita_x1000,Population,Mean_Real_Wage,Floor_Area_per_capita,Urban_Population_Share,Migr_IntraReg_3Y_mean_per_capita_x10000,Migr_Inflow_InterReg_3Y_mean_per_capita_x10000,Migr_Inflow_International_3Y_mean_per_capita_x10000,Migr_Outflow_InterReg_3Y_mean_per_capita_x10000,Migr_Outflow_International_3Y_mean_per_capita_x10000,Doctors_per_capita_x1000,Change_over_5yrs_Doctors_per_capita_x1000,Employees_in_Working_Age_Population_Share,Retail_N_per_capita_x1000,Working_Age_Population_Share,Under_Working_Age_Population_Share,Retail_Area_per_capita_x1000,Income_per_capita,SME_in_GRDP_Share,GRDP_in_GDP_Share,Post_Working_Age_Population_Share,Patents_per_capita_x10000,Cars_per_capita_x1000,Ecommerce_Users_Share,Digital_Gov_Serv_Users_Share,Jan_Temp_Mean_10yr,Jul_Temp_Mean_10yr,Jan_Humid_Mean_10yr,Jul_Humid_Mean_10yr,Region_Area_km2,Road_Density,Rail_Road_Density,Airport_Density,Buses_per_capita,Workers_in_A_EconAct_Share,Workers_in_B_EconAct_Share,Workers_in_C_EconAct_Share,Workers_in_D_EconAct_Share,Workers_in_E_EconAct_Share,Workers_in_F_EconAct_Share,Workers_in_G_EconAct_Share,Workers_in_H_EconAct_Share,Workers_in_I_EconAct_Share,Workers_in_J_EconAct_Share,Workers_in_K_EconAct_Share,Workers_in_L_EconAct_Share,Workers_in_M_EconAct_Share,Workers_in_N_EconAct_Share,Workers_in_O_EconAct_Share,Workers_in_P_EconAct_Share,Workers_in_Q_EconAct_Share,Workers_in_R_EconAct_Share,Workers_in_S_EconAct_Share
Altai Territory,1000000,01000000,2.88914888227061,58.4,17.6,204.1,2324983,114.5,24.75,0.568214477267146,186.251153873692,95.4750644677833,48.5511092714327,130.699354969329,41.2215754264635,4.24820310514098,-0.00851953580061593,0.472096601353519,6.14800194237979,53.1,19.1,1008.32569528465,23937,36.4,0.7,27.8,1.15269660036224,309.372418620781,0.0854136473109518,0.393184295043542,-16.9246153846154,19.1461538461538,75.0923076923077,68.9223076923077,168119.611690932,33.1641577865756,18.03095229433,0.16654808869934,0.0031410982359871,0.0364302118992551,0.0028220444076665,0.0774264009299728,0.0176089415028775,0.00515703505461834,0.0118858775641956,0.0642370693299515,0.0282744711610483,0.0072325012962268,0.00748149568512367,0.00948681581717302,0.0106814866830936,0.0113298926958195,0.00733691045930034,0.0481260631666543,0.061113461451282,0.0555063896937649,0.00698877191555319,0.00297148964108053
Amur Region,10000000,10000000,3.02919837376146,98.7,15.7,112.4,791619,112.3,25.63,0.676288719699755,209.021666871604,118.33526485412,43.6804758431889,155.655019477064,29.2836585597968,5.47611919370303,-0.00840505751880094,0.610623467589883,7.30528196013486,56.2,20.5,877.794241926988,33304,22.2,0.4,23.3,1.6523100127713,287.758102053218,0.0755913252710597,0.260874106118005,-27.871,18.792,73.4605,77.3305,362619.03501906,9.10917290058999,15.003123696178,0.31713724017261,0.0174755785295704,0.0254979952589526,0.0309815994509994,0.0284207410086323,0.0329665850478172,0.00688529937738885,0.0973816266505393,0.052303505093456,0.0627191163023044,0.00583852348288311,0.00947043349006021,0.0121097383114659,0.0117426811854775,0.0236480992718832,0.0185185152717725,0.0623981379949489,0.0622670943302513,0.0563391105068028,0.00778484782699417,0.00335004250197843
Arkhangelsk Region,11000000,11000000,2.1852321076798,109.5,13.6,467.9,1140327,112.9,28.39,0.784588104990937,219.006492191951,136.079251515189,15.157596096512,191.067971266424,12.5920109147823,5.52999271261664,0.0430801632827575,0.611361347974618,6.10965100361563,54,19,1122.71190632161,35693,14.2,0.9,27,0.570888876611709,289.728162575321,0.142070996963396,0.307301667336597,-11.85,14.8138095238095,85.787619047619,77.2704761904762,406446.60449303,10.2471546922657,9.63037442539167,0.157462257754198,0.00814152431714762,0.019134050210224,0.0191601960568231,0.117935306990727,0.0243716641513063,0.00816513677736818,0.0211328271042721,0.0491088829653119,0.0573414143162119,0.0105064080222083,0.00914146491248498,0.00966194589602612,0.01831687070658,0.0124174907723837,0.0111267628918268,0.0672513397635227,0.0762690584952094,0.0642869529074977,0.0122695475037391,0.00376418992745713
Astrakhan Region,12000000,12000000,2.13545281184193,75.4,15.5,167.6,1009924,112.7,24.48,0.667396754607277,83.2190654411868,99.1544422879773,77.4947543546115,138.85766516782,81.6877664144067,6.09748852388893,0.00455015423544713,0.408403830982423,4.46667273973091,54.9,20.5,576.841326674086,24971,14.7,0.6,24.6,1.29811748210756,263.398302870132,0.122209177980188,0.314749776729053,-5.01833333333333,26.3616666666667,85.4266666666667,45,52445.9601722944,28.836559184938,39.3092661896614,0.266941437510296,0.00677575738372392,0.0109265377172893,0.00991472106227633,0.035894060566977,0.0139829093814334,0.0110782200358037,0.0214344610929947,0.0313544125800474,0.0309974811789297,0.00689063374416552,0.00643504571019714,0.0074131351433763,0.00997261645376638,0.0135543752687221,0.012441737667158,0.0587858262183504,0.0582238260941044,0.0582115616498012,0.00838851918442975,0.00250429131102574
Belgorod Region,14000000,14000000,2.5927750103121,72.3,7.8,122.5,1548284,110,32.1,0.674717945803225,155.265304141383,130.522228169938,89.8893139666662,131.233553298908,54.3708854376844,4.04899876250094,-0.0199923599893496,0.577114390073516,7.29452736061343,54.9,16.9,834.896246425074,32352,26.4,1,28.2,1.1606397792653,322.948938166675,0.260623019715291,0.36052223108819,-6.31,21.2128571428571,86.35,65.46,27148.1654110382,105.94638280811,73.6289086390167,0.294679212347339,0.00052638921541526,0.0518196350538458,0.0243523614431845,0.113897292222394,0.0157249123783454,0.00844109785914041,0.032365110350337,0.0616638963159962,0.0313628843898908,0.00701005236285353,0.00834615756684318,0.00740157812836181,0.0149544489653906,0.017245721744549,0.0177771285602945,0.0357802550158839,0.0668502009574226,0.0477523788143168,0.0118674188911907,0.00250209434520137
Bryansk Region,15000000,15000000,2.23314054361836,62.4,13.8,348.2,1196339,109.2,30.45,0.704220960781183,174.699404054618,109.194179130639,28.4441789249116,140.348200353936,14.2820691464608,4.00555360980458,0.0582822425697744,0.477947587974263,5.83446665201084,54.5,17.1,871.136525683774,28371,30.9,0.4,28.4,0.642794391890593,202.32597086954,0.0835389602439469,0.344706906889538,-6.525,19.5716666666667,87.8166666666667,72.0716666666667,34930.1822212017,73.7860427697518,52.0569768697808,0.486685122120017,0.0041585202856381,0.0253995080143242,0.000232053522370401,0.0992704416703219,0.0173132172939444,0.00757172392093981,0.0178219559150301,0.0516516171726386,0.0318782951207158,0.00759641699238835,0.00922723331979381,0.00646314304870369,0.0160612325595693,0.0112169427353333,0.013454349730931,0.0455007417852344,0.0554265896419728,0.0509293831760475,0.00791343922024004,0.0030191497606486
Chechen Republic,96000000,96000000,2.03323671863483,58,20.7,81,1467838,112.2,20.06,0.367986794183009,56.4887152451352,58.455141115846,5.30812933062801,80.7701466940023,1.37192259545585,2.96558612053919,0.0870040964019294,0.252430742917887,4.56249259114426,55.4,33.8,396.239230759798,24138,27.6,0.2,10.8,0.0531393791412949,170.865168015443,0.0175352795995876,0.314690142334267,-1.5725,23.03375,81.59625,63.79,15830.9426648143,52.2762687161943,35.1906511040319,0.758009188339181,0.00741566848657686,0.00385387161647006,0.00299686816086586,0.00438585568146414,0.00815278491838014,0.00271378278924858,0.00599730255795106,0.0164627301777363,0.00735234934763431,0.00135492381602052,0.00324921011679925,0.00209657797597875,0.0014599433239967,0.00378808070690653,0.00138615912635536,0.045355269263796,0.0914109965105338,0.0381368382348807,0.0101754557230548,0.00210186584347638
Chelyabinsk Region,75000000,75000000,2.89409465639694,78.2,12.8,397.2,3471061,108.5,26.93,0.826996702161097,150.323394941393,90.6743098981154,32.1916086753945,112.210439196399,21.1465230326725,4.2229162783368,0.071964810165341,0.555982552721713,4.73688016430711,54.3,19.5,905.200600047075,25425,27.6,1.6,26.2,1.66548499147667,312.051805752595,0.111854512832485,0.339756697269162,-14.8908333333333,18.5908333333333,76.565,66.9916666666667,88700.822385849,74.8661310706866,81.9646643372687,0.394584842153434,0.000439058835324415,0.0110012482302216,0.00920475792361296,0.148629277657304,0.0139892795677168,0.00856113051931675,0.022700082241639,0.0547140594582996,0.0353044831920168,0.00736184325143188,0.009384884462034,0.0101717111379645,0.02150763925165,0.0227701167131312,0.0111464105893144,0.0405320789811439,0.0660357684520155,0.0508505972271529,0.0092836528168772,0.00283374327454129
Chukotka Autonomous Area,77000000,77000000,1.11756283805282,223.8,8.5,37.1,49975,106.9,23.75,0.712016008004002,188.89413761484,795.314771604643,75.3640989086178,841.300493421784,20.5679418162821,7.14357178589295,0.103287410576454,0.934762356867251,8.52426213106553,61.7,23.1,546.207103551776,83385,7.8,0.1,15.2,0.0219024465032744,109.4980166321,0.13503202308143,0.0867591504691335,-24.0042105263158,10.2978947368421,76.9457894736842,80.05,720174.543631004,2.94558244201695,0,0.0624848523152696,0.0520260130065033,0.0441257906100538,0.202188614566603,0.00786130504474279,0.104762267681653,0.0129140745413225,0.0335435140584879,0.0513125282252147,0.0820345342849707,0.010760647746888,0.0118341180314631,0.0115908845832965,0.0223191012037623,0.0201072983817679,0.00756618179430072,0.13344111277681,0.0938005469509471,0.0667173132757627,0.0154015419379057,0.00248746739658322
Chuvash Republic,97000000,97000000,3.14349106352509,62,17.4,252.7,1220606,111.9,28.14,0.631893502080114,227.134844079916,105.740207588889,23.58361100107,140.795087118422,16.8635446286311,4.93607273764016,0.0012540331014832,0.451578225003884,4.75583439701263,55,19.3,796.44062047868,20162,33.8,0.4,25.7,1.42552142132678,225.703881411972,0.145264924223858,0.261682064170146,-10.64,19.666,83.268,68.934,18405.6164495713,89.090109319445,48.9376716871327,0.108662483839088,0.000380139045687142,0.0144636054847868,0.000555312837900339,0.11408371966652,0.0124713015129743,0.005967825519753,0.0234229405870378,0.0460945405210795,0.0195712025606357,0.0100193152939084,0.00852750787127646,0.0115474682992785,0.0131864455405385,0.0128015398610496,0.00846732911952975,0.0337237851898602,0.0590757228935314,0.0492519885427998,0.0061669814382811,0.00217969226314261
Irkutsk Region,25000000,25000000,2.10572714122198,96.9,17.9,151,2394478,110.2,25.17,0.784075694159646,164.48597400111,83.9546262659447,20.7051951176152,110.0277503695,15.6057043052579,4.8962654908502,0.0764007133589886,0.562251753222169,5.85388548151205,54.9,21.9,649.686570517666,26306,18.8,1.6,23.2,1.36856550780588,245.614349708457,0.136113814703417,0.249198638777225,-23.4905263157895,17.3197368421053,77.1955263157895,73.9539473684211,762078.110243372,7.53677219302694,9.17712575286556,0.102351712969541,0.00112091236586847,0.018383980320501,0.0263432465137977,0.0721812561537402,0.021040365443983,0.0055281260970378,0.0267017672207556,0.0625029466895258,0.0503969963763514,0.00920598714944638,0.0105309086756688,0.00879528201537767,0.0140024662786248,0.0224331419395681,0.0172398025243299,0.0489419941353193,0.0777013187678716,0.057361715630805,0.00882327599376946,0.00413763171925638
Ivanovo Region,24000000,24000000,1.94236487536793,57.6,14.2,216.3,1000658,108.3,27.25,0.81658368793334,155.948672767336,123.562101303935,13.7074942669625,151.625014637507,1.29759791728882,4.39910538865427,0.00885954991016713,0.458914115842644,5.56733669245636,54.1,16.6,1054.60377071887,25794,42.3,0.3,29.3,6.45775079997362,283.242048238364,0.114910312330559,0.426178951539225,-9.32333333333333,18.8466666666667,85.89,72.7766666666667,21653.6760506761,62.5006102851026,32.119209470806,0.877449166392548,0.00336278728596583,0.00976122960629798,0.00122710384108846,0.0941511723733103,0.0203054929597545,0.00550525000390778,0.0146578228050896,0.0697609364904806,0.0191073903685608,0.00659676838370482,0.00798199368918764,0.00903767612962427,0.016310709327754,0.0103654530993283,0.00972336173223158,0.0442045548077424,0.0554956465263232,0.0531022121639894,0.00830968934086473,0.00330965219340388
Jewish autonomous Region,99000000,99000000,1.69293452512555,88.6,23.9,126.3,159109,113,23.84,0.687396690319215,73.918111622817,159.693530391296,15.7586732985145,259.30317694337,14.1694469307639,3.78356975406797,0.00441165071324279,0.481104284375703,8.81156942724799,55.6,21.1,1085.38171945019,26602,19.7,0.1,23.3,0.0219024465032744,227.855146235766,0.150195910622299,0.142344181291542,-22.0283333333333,21.4333333333333,72.3316666666667,80.315,35753.377668379,20.5620447752789,31.0103952988491,0.978928489627841,0.0168626539039275,0.0149065269087736,0.0199876551756226,0.023936127041274,0.0273114883326669,0.00457923261601894,0.020269123682507,0.0295994090472614,0.0590631706213256,0.00454419035210964,0.00906012081396984,0.0070254087160103,0.0172769665028965,0.0125157401936711,0.00699262724332096,0.077397057019551,0.0706531168104251,0.0641883843169636,0.00908838070421928,0.00270955827711612
Kabardino-Balkarian Republic,83000000,83000000,2.08095813899925,57.4,24.2,71.5,867285,116.6,20.84,0.520645462564209,40.8344625127052,81.2957194978378,16.7133593977197,114.099326782029,8.31098983680956,4.69857082735202,0.0742394356392984,0.237999922823757,5.40768028963951,57.4,21.7,671.95939051177,21474,38.7,0.2,20.9,1.12535095153266,256.907838508341,0.0721752938638186,0.354784442940941,-2.88142857142857,19.4557142857143,75.5857142857143,70.0228571428571,12454.13873516,68.1710573063983,25.3712694241274,0.883240522200486,0.0085012423828384,0.009644820747931,0.000518860582161573,0.01763282303606,0.0131038912956748,0.00287512640823794,0.00977237648531877,0.0108299842921638,0.0103703818872139,0.00135570656949611,0.00390842831866734,0.0032214352133663,0.00181289847232218,0.00575647994696252,0.00431861543007807,0.038526051069822,0.0531318860638407,0.0429396804586157,0.0073190879487569,0.000961388597067476
Kaliningrad Region,27000000,27000000,1.94782876647388,74.5,13.6,383.5,1007349,106.4,28.93,0.776972032532916,200.882495827874,187.256682189288,96.7354557186914,126.997391159702,49.3591029702779,4.67067520789716,0.0434378523931804,0.554435365999693,5.48866380966279,56.5,17.8,812.935834551878,28905,32,0.5,25.7,0.659155863558707,380.13264989468,0.160710202361864,0.311072815125412,-2.0575,18.56,86.6375,77.695,13537.0613239166,147.895846901779,94.5992553632123,2.51162340085809,0.00331861152391078,0.015508681566425,0.00394692326446924,0.0887040431901355,0.0157309419799557,0.00718612720427314,0.0371080012633176,0.0787986081437955,0.0505692515262855,0.0147851492479116,0.00939080994655235,0.00942893683171927,0.0184535881207238,0.0221594510789764,0.0160860315418099,0.0580656648098434,0.0474843121264658,0.0468437101756888,0.00905258757813607,0.00510689421318834
Kaluga Region,29000000,29000000,3.05333765553699,86.6,10.2,252.7,1005978,110.4,31,0.75910407583466,105.255616648905,152.78988718185,154.528401622292,175.053964914043,124.070177657706,4.24064939789936,0.100617403815694,0.587174978273996,6.51803518566012,54.4,16.9,880.808327816314,31394,26.7,0.6,28.7,1.7485471849285,315.018129941152,0.0851106772187585,0.234248528767329,-7.57,19.345,86.8166666666667,72.3316666666667,29800.6292963662,85.1217847966095,51.8119031422571,0.805352120632114,0.00688186023948834,0.0217166850099517,0.00221744265720698,0.173669158710406,0.0172421470332704,0.00975291033729775,0.026359883849641,0.0542605568616692,0.0275178512265442,0.00934505438254819,0.0111948419407605,0.00842829214017427,0.0163029088579063,0.029635157206689,0.0156648116383787,0.0494940144872774,0.0537750401628477,0.0472699935082196,0.00961641015889366,0.00371218356663863
Kamchatka Territory,30000000,30000000,2.06443121118409,168.1,14.9,136.3,313869,114.5,25.95,0.784352707658291,88.2426874589236,216.366464041241,147.373459875538,282.574854690225,99.4887214877464,5.27290047758778,-0.0142321895226045,0.645278413495594,6.71617776843205,60.2,18.8,682.624916764637,52674,21.3,0.3,21,0.219836938340518,498.505034585969,0.14450025491003,0.36803173507459,-13.5178260869565,13.055652173913,75.5947826086957,82.8660869565217,464467.75644867,4.06626663582347,0,0.14855713672694,0.0364546992535102,0.0558187251428477,0.0177296389677099,0.0586724031522176,0.043396334520457,0.00895108608539934,0.0303250920361436,0.0491931325984668,0.0374487022004832,0.00880131032934376,0.00972483928452746,0.00990001870238752,0.0155068185598179,0.0210135914988932,0.0117745972463764,0.113309328778203,0.0768063837369822,0.0596552073182784,0.0158423585928188,0.00140937398719437
Karachyaevo-Chircassian Republic,91000000,91000000,2.15196508051073,56.3,23.5,222.1,465546,111.2,21.56,0.428632186722687,98.9448467527458,119.483711249785,8.87882704674468,147.50537631372,5.07251095266766,4.17359401648817,0.0753753968919337,0.293659472845489,4.53231259639219,56.7,20.5,480.361553960296,18821,22,0.1,22.8,0.238429714786509,201.844286464867,0.104969217785785,0.302780899280297,-1.23,20.1155555555556,76.5788888888889,71.6966666666667,14281.760224548,41.4999469753668,7.20513174636501,0.980271323694142,0.0081066103027413,0.014206830217851,0.00417669670546937,0.0285947453359481,0.0138829231264064,0.00454492792521688,0.00750062748948645,0.0173390686179254,0.0097145608724128,0.0035879813603175,0.00412252277087689,0.0044433991526939,0.00415699709289029,0.0084246150871862,0.00521850313994019,0.047089650838081,0.0655815256305863,0.0411729479676936,0.00843938979662051,0.00146231739529359
Kemerovo Region,32000000,32000000,2.00522677317866,87.3,13.6,431.7,2666055,116.6,25.37,0.86047512148099,156.316694277697,86.4347526294542,31.5704769071313,124.549015013837,12.1345723765729,4.37050248400727,0.0199372047209789,0.543206296839365,5.91323134744032,54.3,19.6,972.63721116031,24886,17.7,1.2,26.1,1.25728839052458,275.88981757917,0.133414060040461,0.246382254872133,-16.6081818181818,17.91,75.7672727272727,72.96,95799.4790379455,35.3101313732273,48.3206241388933,0.240084812892248,0.00384463186243345,0.00699545817437897,0.0697977087444709,0.0663711631120582,0.0277290813525104,0.0086094333523111,0.0245015454563537,0.0465559135693048,0.046433509802333,0.00912398507927093,0.00878737472009852,0.00782838403337771,0.0158461761531192,0.0164041770727569,0.0196499491960471,0.0400772866502773,0.0583492263952409,0.0573159092676275,0.0100860842137986,0.00274420680050116
Khabarovsk Territory,8000000,08000000,2.95688116001073,104.9,12.2,116.6,1318558,109.8,24.12,0.820674555082143,171.930994457326,156.550060631355,74.0664888892265,185.697767675698,73.4208925431101,5.62508437247357,0.0536118090730346,0.663060092091622,4.78704766874116,57.7,19.1,836.182708686307,41459,24.9,0.8,23.2,1.97033425909213,266.259696565878,0.102253257989664,0.203537047069563,-23.9566666666667,17.4675757575758,73.6557575757576,80.5551515151515,785444.806269723,3.95715513034926,5.01162814764309,0.187155098393406,0.00219558032335324,0.0276240535578199,0.0131159247089166,0.0730242091077159,0.0244158852563854,0.00873150689381714,0.0636084296730405,0.0792186763196956,0.0607254419836082,0.0122356763020539,0.0111388160728065,0.0139848693434948,0.0216074236005042,0.0226259460590348,0.0183349815241025,0.0741572151204316,0.0662808517438683,0.0576033663664347,0.0107187363492984,0.00390847642623132
Khanty-Mansi Autonomous Area â€“ Yugra,71800000,71800000,1.76093763808641,156.9,8.9,479.2,1669236,106.4,21.33,0.924779959214874,140.905431200377,242.509306816791,69.1856305502658,267.634659131569,36.8153058303538,5.74394513418115,0.0704063186961978,0.750911052238287,4.2324752162067,60.3,23.3,1068.41159668255,53208,6,4.8,16.4,0.0219024465032744,344.024954997461,0.217123482190796,0.581676988765754,-20.9085714285714,17.6164285714286,79.7557142857143,69.9821428571428,534828.533251625,7.93132216615661,4.1197395211371,0.547839133074356,0.00110889053435224,0.0019911592845683,0.204581333833672,0.0363805326862338,0.0294074018676887,0.00909255008896196,0.0607915573670038,0.0446509670641987,0.0766865561244815,0.0141165463897969,0.0139379162933169,0.009843531679225,0.0186637652529189,0.0242259368777987,0.0198639051669787,0.0440090710389719,0.0691977029306149,0.0568279164720264,0.0133707309647269,0.00327226890309481
Kirov Region,33000000,33000000,2.72163700627851,63.1,14.7,210.7,1267255,110.4,27.28,0.775269381458349,265.101301701703,111.99351828669,7.90376642913177,138.891097260582,9.83136166199928,4.83012495511953,0.0897611317186096,0.567420810606306,6.52670535922131,51.9,18.2,1221.64110617042,23604,31.2,0.4,29.9,0.956397883614584,272.901142905207,0.208705309355748,0.329887276038008,-12.4123076923077,18.3215384615385,83.7692307692307,73.9230769230769,120597.20638807,32.7589989902765,21.6091406324366,0.0912127264756289,0.00255355078496435,0.0346934994119593,0.00126424394498421,0.129192047238114,0.022694661239221,0.00633688023319926,0.0188756258321118,0.0595792634162035,0.0339314560382659,0.0122457572547172,0.00759686695263211,0.00913676625206687,0.0119702539440363,0.0127738052668555,0.0102295048248392,0.0573434597828911,0.0682340509183486,0.0577767845265116,0.0100219650792104,0.0035236143625988
Komi Republic,87000000,87000000,1.44087617752199,111.6,15.5,135.1,825354,107.1,28.59,0.782192853006104,204.710283021654,155.861748745112,15.8960460323037,260.300182140374,17.2457169425676,5.11416919285543,0.0621119908155381,0.657579218490336,8.34793312929967,56.4,20.3,807.417907952224,35356,10.4,0.8,23.3,0.70757517380421,305.879660578029,0.205563147168777,0.249704193901568,-17.09,16.3019047619048,82.6080952380952,72.1285714285714,417062.163878109,10.020093980464,8.79845107836077,0.350067718064854,0.00313804743176867,0.01633964687613,0.0474000350281677,0.0523981053167524,0.0321972310974168,0.0116867970360004,0.0381937983644826,0.0574808158397436,0.0739652533706706,0.0101426498154061,0.0119076350080052,0.00876713859483497,0.0177903461221892,0.0226760640184018,0.0185944283490512,0.0673841529111678,0.0828595671400453,0.0712032749601001,0.0124502777290989,0.00414436396490055
Kostroma Region,34000000,34000000,1.96215571887556,65.6,12.6,242.9,635326,115.7,28.44,0.725786446643141,218.618505013516,129.439836002905,29.4698351938313,161.319224495529,24.6685455046884,3.80119812505706,0.0579191303547544,0.532113976765121,8.19736639142739,52.7,18.5,1026.29516185391,25285,34.9,0.2,28.8,0.879863251307203,292.706196931584,0.145121393423502,0.158474639908569,-11.2085714285714,17.9057142857143,85.6042857142857,75.4757142857143,60256.4199389767,29.9687804979802,26.5855327575061,0.116170194098639,0.00841457771285922,0.019572793124044,0.0014040514012197,0.120216487821301,0.0240358307944175,0.0079088026173788,0.0168074002451048,0.0447408848974073,0.0328678248351467,0.00912439274776897,0.0109591274335151,0.012143357130566,0.00936273204114768,0.0133959824393759,0.011628448682214,0.0603765996187969,0.067235873067087,0.0564048754040725,0.0113279858637441,0.00260201995478112
Krasnodar Territory,3000000,03000000,2.62579504540776,75.5,10.7,215.5,5661848,111.1,27.2,0.552642352814841,98.8090380714951,199.535643290913,42.0308710963793,149.5769384849,21.7913303698302,4.3431049367627,0.080077213862316,0.459256548007735,8.57529202479473,54.7,18.8,877.237679287752,35673,30.5,2.8,26.5,1.34655681325249,306.599318194091,0.120292584886313,0.48031175192538,-0.421333333333333,22.2313333333333,78.614,66.196,75202.5485592899,89.1443342530935,69.0675592088312,2.76586371053651,0.000447380431265551,0.0298873031312156,0.00253491178003297,0.0466539426690168,0.0124195404529092,0.00767938748621883,0.0257388136271123,0.0648352920381753,0.0401916563920731,0.0167225650657192,0.00849135873123506,0.008803108934863,0.0109814211034131,0.016497317067738,0.0123639711001962,0.0347363345739943,0.0518899253743825,0.0540540626760872,0.0119738555165367,0.00280161884186278
Krasnoyarsk Territory,4000000,04000000,2.20420025433885,104.3,17.3,181.8,2870140,111.3,25.43,0.775433602542036,248.224010623968,130.738933548408,56.9174859683373,146.716775085723,43.4114927182983,4.98790999742173,0.0465073133853242,0.577410212793853,4.95829471733086,56.7,19.9,879.276620652651,31739,11.4,2.8,23.4,1.98526901126774,294.536305517069,0.141400522048254,0.548553594681882,-24.3755813953488,15.3727906976744,77.4788372093024,73.5188372093023,2330269.10559335,2.36911428726899,2.41332413158118,0.058791493081704,0.000453984823039991,0.0201552274505742,0.0256215340613082,0.0732327285155138,0.0248718579183295,0.00774433890356226,0.0313950235440709,0.0526401694985806,0.054943703070043,0.00831163481765891,0.00970418897767389,0.00898044425537858,0.0155308931768152,0.0248757291967728,0.0172332110611544,0.0527711784770093,0.0724125705253223,0.0601547510989791,0.0139835493279344,0.00284741746830704
Kurgan Region,37000000,37000000,2.20342712345527,64,19.6,150.3,830934,110.2,26.06,0.621571629034316,179.083592150014,142.836800402214,24.9415878136678,207.384625724951,16.3284909714659,2.91479226990351,0.0168362050190574,0.512652169859744,7.40853064142278,50.8,19.4,824.657554029562,21304,27.2,0.2,29.8,0.961568548163873,335.720215981531,0.104082892536948,0.369992234268396,-16.6725,18.89125,77,69.12375,71643.5566151561,38.2141134534899,28.268072900631,0.125621904121048,0.0108708994938226,0.0199303756635949,0.00231714396183981,0.103241425941918,0.0211295764339489,0.00486289889629749,0.0148509478253567,0.0413816657771449,0.0322784479182699,0.00519835292451191,0.00870285252859087,0.00710376023307725,0.0085159364069375,0.0114345759744527,0.01816829440522,0.0610320226121032,0.0765332679709688,0.0646488140307116,0.00875947224098017,0.00256257501638086
Kursk Region,38000000,38000000,2.84708081825494,68.3,9.9,158.7,1105524,109.5,30.99,0.683559108621794,172.126441673734,124.796612473513,90.0236238307889,144.937718340617,63.7994169533682,5.1269805087904,0.044725471989582,0.540983970950365,4.93702533821066,53.7,16.9,691.036739139087,29149,25.7,0.5,29.4,3.00219624359127,314.212391410978,0.14672105931381,0.476174351127345,-6.66375,20.51625,86.52875,68.07,29998.2901001158,69.022117608871,67.4542766426604,0.300017099973484,0.0019945292910873,0.0410013106553036,0.00986025168061224,0.0912840967509853,0.0259834484683677,0.00699332164313133,0.0311338158494498,0.0513706024401031,0.0273091088323498,0.00727748797528352,0.00829775796570784,0.00853526509572241,0.00969972381188608,0.0201126427929081,0.0115804097031008,0.0468566194116417,0.0756872898790423,0.0562044620926054,0.00973897144400905,0.00205788979247382
Leningrad Region,41000000,41000000,2.97653571245799,96.9,8.8,309.7,1861870,109.7,29.71,0.657700054246537,94.4888918924188,458.434030750652,73.5207681030865,280.551302008385,46.8917779910964,3.73334335909596,0.109142485974361,0.507373712345819,7.0149903054456,56.5,15.5,910.752630419954,32306,18.9,1.3,28,0.510239705242579,320.805014646617,0.114580004368488,0.236136425938605,-7.13272727272727,17.9509090909091,87.4654545454545,75.5409090909091,74431.6190342336,82.0732248292217,68.6837105967724,1.19572839009542,0.000905004108772363,0.029099966153545,0.00499916084937158,0.106244502208765,0.0217837894540416,0.00887831346266155,0.0552923977706114,0.0567427428442743,0.0406809577829046,0.013846104195083,0.0056877824469081,0.00330042148603951,0.0166992638621814,0.0140651246479714,0.0117839467799312,0.0273691912465396,0.0435154855017539,0.0358934976924665,0.0082733455103255,0.00321781351140406
Lipetsk Region,42000000,42000000,3.74346898420269,71.7,8.7,419.5,1141703,112.7,32.22,0.645824702221156,161.749268863241,116.73946656314,73.1310138646268,136.754582103612,50.8024619074116,4.22263933790136,-0.00519139920061462,0.593315538589123,4.42409278069691,53.7,17.2,775.61458628032,32479,23.9,0.6,29.1,0.777785466097575,336.05440392995,0.0409561479648888,0.53473873126449,-7.65714285714286,20.6314285714286,85.9528571428572,66.6042857142857,24065.7610382898,76.5862646961328,79.3199477199695,0.540186532198853,0.0112883998728216,0.0463995346387957,0.00369421020636083,0.122247546920217,0.0171702727901278,0.00768429649176879,0.0423425744876714,0.0794683350215151,0.0363020702366066,0.0102166956115515,0.0128967065568786,0.00814800966306482,0.0145147278932334,0.0103561520876183,0.0143715199564069,0.0415125230178419,0.0554648580111003,0.0558116234708877,0.00945041897463668,0.00526395187380825
Magadan Region,44000000,44000000,1.29719084688439,198.2,9.3,89.5,140692,114.4,29.17,0.960722713444972,183.857089420444,275.536096930881,77.5697745343988,396.716577924902,68.3420308552227,6.19793591675433,0.0217085671148614,0.81254041240582,8.49373098683649,59.1,18.9,955.352116680408,65357,22.8,0.2,22,0.334063059733318,378.095925910192,0.139904708441214,0.139112887547161,-25.1878571428571,13.9192857142857,70.7478571428571,78.0757142857143,462580.666459214,4.10368220771609,0,0.0518828427995188,0.0176769112671652,0.0146604338054835,0.151323578600587,0.0161397064536168,0.0589508190191455,0.00843546207642832,0.0390383659824441,0.044395016693652,0.0646177561882545,0.00840780088056891,0.0165293685170275,0.0112316481796071,0.0118137359533441,0.0400016971947651,0.020652089360768,0.120862588655937,0.0763004021264388,0.0863907253116731,0.0196839475056889,0.00310406723970081
Moscow city,45000000,45000000,2.88179305397924,197,6.6,424.3,12646679,114.5,19.39,0.984962613505095,6.64167466626915,227.723181631525,26.3921008026512,165.673301718933,19.9513198159013,6.13449586251062,0.096046103771932,0.679580781642358,2.66884294287852,57,15.3,892.561280317149,74053,20.7,20.7,27.7,17.2561508044918,296.215803074986,0.230529775301036,0.471875556043573,-7.79,19.4733333333333,85.7433333333333,71.7033333333333,2521.09776753827,1058.19116332955,1041.68519440891,29.3522928594147,0.000157590779365871,0.000967412978815132,0.00228512941979582,0.0490791353346945,0.00820073833321443,0.00404269505588516,0.0406738359824284,0.134794364009048,0.047809805495806,0.0169953084542049,0.0421554259700019,0.045402793998607,0.0352796592936208,0.0761644098110866,0.0319230884749727,0.0340839220361829,0.0425540744173427,0.0458392583511381,0.0134367013761326,0.00785920216821696
Moscow Region,46000000,46000000,3.05596394058768,116.1,7.3,526.1,7645255,108.2,33.47,0.814195602370359,89.892231302866,334.796448917957,54.7792402041093,234.094462483648,23.7621439034733,4.2833103670185,0.121323919776785,0.519552621946783,5.06104766943679,57,17.9,1446.59529342056,47201,22.6,5.4,25.1,2.48821000738366,346.330691412377,0.128228943938407,0.704106679441547,-8.22714285714286,19.1385714285714,86.4928571428571,71.9542857142857,44482.2938834411,177.248160983327,143.792448931645,3.97911133953211,0.000353029428057011,0.00720614381306364,0.00068440570528398,0.0972403626067479,0.0145699361490209,0.00756694551982575,0.0256214188672261,0.0914604904518979,0.0453559389841471,0.0117966071995556,0.00859023818087281,0.00453972672213715,0.0240346761579797,0.0336241581422588,0.0158313538060019,0.0295428971899747,0.0468264073024907,0.0416506938537167,0.0098369465651938,0.00357327472938811
Murmansk Region,47000000,47000000,2.42054264611467,133.1,10.6,209.4,744730,111.7,25.52,0.922063029554335,141.262718782652,313.109419414914,53.7053353316745,379.246799999517,44.3313758975701,5.14683173767674,-0.0323867703838909,0.603813444265872,5.74167819209646,58.6,18.8,850.187047654855,44237,15.4,0.6,22.6,0.700925167510373,316.651427165881,0.282168692132102,0.391582541544868,-10.11,13.3192307692308,85.9576923076923,76.4792307692308,144129.778163261,14.9073270142054,12.9469520845389,0.624437233907719,0.0218374444429525,0.0161210130487312,0.033845328373125,0.0513421063015302,0.0380739035046213,0.00967274531407012,0.0389320379940248,0.0494514607282141,0.0611204857944027,0.0139017787283377,0.0123667605856102,0.00801353254029944,0.0159816950862325,0.021016389612581,0.0143119418087202,0.0755854940487629,0.0683130047497801,0.0621470392022873,0.0105146107650898,0.00310211607945138
Nenets Autonomous Area,11800000,11800000,1.64584797442815,183.9,9.4,11.4,43970,110.9,25.23,0.735114851034796,277.974709350381,223.059386710596,46.9381969429372,257.496015670666,41.8720122460306,5.16261087104844,0.103533380602639,1.18827366061276,8.4375710711849,56,24.8,661.087104844212,81041,1.5,0.3,19.2,0.0219024465032744,201.943918410185,0.0721692989897625,0.341993349176561,-15.6823076923077,11.8630769230769,84.2138461538461,80.2392307692308,176205.934913,1.9367632280689,0,0.482390108153666,0.0887195815328633,0.0457982715487833,0.34618164982618,0.0290823288605868,0.0573605380291757,0.0094626206179538,0.0983219077942753,0.0366524253549498,0.113348386887163,0.0194410149777446,0.0234819194905617,0.00717615906949543,0.0103966990480522,0.0362869164040417,0.0271816823158647,0.0994834140160499,0.121393645017707,0.0755141492576107,0.0242494882874687,0.0074685662302219
Nizhny Novgorod Region,22000000,22000000,2.82695993001443,73.6,9.5,488.1,3208785,108.1,27.78,0.796292989402531,134.857357018215,75.9893653347099,30.2653688013063,79.4510404648102,23.3689123538002,4.81926959892919,0.0185803462269112,0.66120468330685,4.81926959892919,54.5,17.1,972.874000595241,33817,27.5,1.7,28.4,2.27406946866181,341.142336130862,0.179246251036159,0.378088606628891,-10.5,19.1566666666667,84.5311111111111,71.9377777777778,76760.3835133993,59.6281928377308,44.3666598326409,0.716515440421154,0.00174053418973225,0.0161147050529129,0.000713122531030887,0.146598172937303,0.017594873180227,0.00878265492270339,0.0425743471767365,0.104685312524977,0.0391239000077096,0.0112169124919428,0.0170108114745138,0.0138404440229906,0.0185875036041036,0.0378871576373194,0.0142534729734866,0.0436733941694728,0.0611998771205992,0.0527058792852701,0.011209307223991,0.00343312088188857
Novgorod Region,49000000,49000000,1.79209666928189,67.2,13.9,130.2,598402,103.7,32.6,0.714248949702708,188.742026587613,168.215807400093,34.9356922355832,190.935911315527,28.5311350424261,4.32986520766976,0.00844684771447568,0.629688586917937,9.27971497421466,52.1,17.8,911.466372104371,26003,18.1,0.3,30.1,0.979274801889031,317.941482202114,0.0816547501251801,0.223949917137909,-7.222,18.134,88.056,75.733,55092.4490930101,62.276289405162,32.0834547599178,0.544539233486468,0.00203207876979021,0.0271673653466355,0.00361968521395509,0.146410413182272,0.0267356332865572,0.0122488736331871,0.022206937182363,0.0840575264430594,0.0382560793503255,0.0130841115859686,0.0088322243731916,0.0108516783481195,0.0137506340383035,0.0214621512659426,0.0102329479291811,0.0601656795195439,0.0565742204729639,0.0540325824015966,0.0149386990832737,0.00506210651720329
Novosibirsk Region,50000000,50000000,2.94935618636466,81.6,13.9,306.3,2795777,111.3,25.84,0.791644684107495,115.457435459441,119.404677467729,74.6517577389113,110.935283042916,48.3880602270259,5.46180900694154,0.0559915281871046,0.593099573827682,4.61553264083652,55.7,18.9,1148.96030692004,30535,35.7,1.5,25.4,2.8607431851682,317.609752185879,0.113531267063668,0.216250742285102,-18.5842857142857,18.9892857142857,78.5871428571429,70,177857.478665288,27.1430845364751,24.9256846543834,0.157429421636487,0.00811581181188628,0.0184639209014154,0.00399962038411345,0.0882258436778554,0.0150269598488414,0.00560752120611937,0.0251825690664057,0.0984836203225458,0.0492373792671989,0.0103248822143616,0.0192618029140127,0.0176887070860372,0.0216977029851477,0.0331117503355787,0.017048025489282,0.0386238467794672,0.0642469366190251,0.0515580760924105,0.0117209991428024,0.00358947371091756
Omsk Region,52000000,52000000,2.81024464554035,73.9,13.9,300.2,1935430,109.9,25.39,0.728656680944286,144.705061260171,81.6713296343169,42.8374501917718,141.852942822944,40.8777466520777,5.07019112031952,0.00274725361541384,0.484302526066866,3.77228832869182,54.7,19.7,865.197708002873,26968,25.1,0.8,25.6,1.65079594715386,262.712845162136,0.155416888937854,0.293008302940933,-18.522,19.082,79,68.866,141206.921550276,32.7109724436241,18.6242737174446,0.0849816699369618,0.00777346636148039,0.0204456452435245,0.000215268026971053,0.0784318052001746,0.0161087359893126,0.00465541903347754,0.0256516554701632,0.0489661557005963,0.0389213849572195,0.00649043963899164,0.0126110792228751,0.010491458983634,0.0187638342649288,0.0168881970505522,0.0123582172183987,0.0406554307839569,0.0639586906040305,0.056814512476813,0.00918303743488319,0.0026922199669719
Orel Region,54000000,54000000,3.01759514000038,62,13.7,283.1,736483,110.6,29.49,0.667818537562985,139.77493360929,100.692321236063,30.9393018169759,141.239313969326,18.0451809212435,4.45903028311584,0.00529378301272332,0.523951713550409,6.45500303469327,53.6,16.5,1004.82781001055,26064,31.3,0.3,29.9,2.99124351818032,327.849653872316,0.122968987788986,0.131488331010111,-6.91666666666667,19.9666666666667,87.0755555555556,70.0611111111111,24648.4966661371,76.4615968855043,36.115981724842,0.121711276782308,0.00374618287183818,0.0406824601498031,0.000258894830961536,0.0924723191774639,0.0188896964336006,0.00623044850048823,0.0228250498572674,0.0574488136547153,0.028503256937505,0.0066355099825895,0.0118476050383954,0.0107737741299355,0.0100730861627735,0.00787779985640102,0.0110379887176977,0.0504619464015351,0.078279967998775,0.0576243656291344,0.00894403111228859,0.00308596558784093
Orenburg Region,53000000,53000000,3.17318527111381,68.7,14.3,124.3,1959921,111,26.99,0.60464120747724,143.964448942989,87.3289157812713,23.9610157811695,138.189106468556,5.16672986247287,4.63079889444523,-0.0110058984529839,0.57337836387094,5.42011642305991,54,20.2,866.05031529332,24483,17.1,1.2,25.8,0.706150911184686,363.760801668053,0.0708265833311753,0.440670164784444,-13.165,21.466,79.3,55.555,124243.346975701,38.9160609896155,27.6482941496781,0.651946377586251,0.00108014557729623,0.0420935333618039,0.0356414592447575,0.0764110541341358,0.0210315544275433,0.0085803722965629,0.0331604446566223,0.0621066227026875,0.0397921367465548,0.00862799326359847,0.00909957311771466,0.00920398019821925,0.0162520722915759,0.0168859791722142,0.0169131911533774,0.0434048107041049,0.0649816441014147,0.0546131233898751,0.00955943670216337,0.005019287719968
Penza Region,56000000,56000000,3.41875497390781,64.3,13.6,388.9,1311833,110.8,30.53,0.68808224827398,129.130248814536,90.9645710617314,30.9018011813199,121.803645018533,33.4820206097922,4.23986894673331,0.0928298579648992,0.533589486922321,5.90242812919023,53.8,16,928.068969144701,22969,34.9,0.5,30.2,1.57337100072951,319.583522683736,0.0871675267472562,0.490051405664467,-9.42111111111111,20.9011111111111,84.7644444444445,64.1888888888889,43362.8045959757,75.2219223373172,34.930286271056,0.27673486786216,0.00420785267636963,0.0499472804132231,0.000576536573330775,0.0997228325573686,0.0147674976207488,0.00613319294991298,0.0332887881727465,0.0708077310264442,0.0304931029605594,0.00640509604261924,0.00991815767917938,0.00788221419867068,0.0146392681789045,0.0186177814358607,0.0120542759833167,0.0416331951220206,0.0515633964504339,0.0491488573140049,0.00987777603174776,0.00611307297119267
Perm Territory,57000000,57000000,2.06166370428507,81.9,13.9,289.3,2605030,109.6,24.64,0.758874178032499,227.414772937197,68.1790062486003,14.6152870681953,87.5666240360168,15.9804948709096,5.04408778401784,0.0250426410247886,0.53324044365753,4.97422294560907,54.4,20.4,893.335930872197,30588,21.7,1.6,25.2,2.10323873429481,323.898421939635,0.13969057314007,0.245501476570016,-14.5,17.8515384615385,80.4953846153846,72.9223076923077,160963.863146236,26.392295381643,30.2270068337034,0.410029920442695,0.0000744713112708875,0.0141579181316869,0.0111213718663283,0.129036915799321,0.0187622034837128,0.00636826526328815,0.0293045908244028,0.0515946835657984,0.0369867734389872,0.00834598607987127,0.0127377301288841,0.00870593733706578,0.012912519241621,0.0218566834840561,0.0121453382833347,0.0437430042016,0.0567040014894262,0.0469308414874301,0.00893280330293137,0.00289294681262562
Primorye Territory,5000000,05000000,2.27832317439822,97.9,13.5,106.9,1899293,113.1,23.48,0.773768449628362,242.959656689346,107.678052687742,58.0791868956938,129.595044610526,52.8180593028028,5.17297752374173,0.0347873346585903,0.5219984858447,7.86661141803819,57,17.9,723.172885910705,36883,32.4,1.1,25.1,1.34786997056273,431.480124747861,0.135865313658331,0.325075341908757,-15.9215384615385,19.7861538461538,61.19,84.2923076923077,161611.643192377,31.6660168286094,19.4051185985014,0.662081010293491,0.00282052321574396,0.0209039003349917,0.00668863846206263,0.0611311498079973,0.0237115932917642,0.0082356591766312,0.0224292139879455,0.0651498196914473,0.0600044147544801,0.009610870807781,0.0100876871995056,0.0109025795295703,0.0182119475833394,0.0171442372633192,0.00927889132078796,0.0655041528333798,0.0526056320809532,0.0496675120135423,0.00750648664732595,0.00321670941987915
Pskov Region,58000000,58000000,2.08875366346438,61.5,16.2,343,627883,114.2,31.75,0.709953924536896,203.719370527513,204.920013201045,68.6225783014885,219.35881241351,57.6178116015572,3.08815495880602,-0.0918346617720872,0.576849748987305,6.28938830960545,53,16.7,945.27228798996,25524,30.1,0.2,30.3,0.622727482667949,384.489185278829,0.137027317052285,0.170508729023498,-6.36142857142857,18.2157142857143,88.27,76.5242857142857,55260.1246814514,63.5125217195047,27.4830405958027,0.597175634152646,0.0157401936348014,0.030738210781308,0.00227839587588109,0.109582968513032,0.0224137419665285,0.00766697340770644,0.0247278974189369,0.0768866955413728,0.0483836085433415,0.0138669026758651,0.00815588795400802,0.00742176488294794,0.0189219244938645,0.00906790740577524,0.0100048684109186,0.0595396949179241,0.05933775848577,0.0532865770359392,0.00983809055400569,0.00472957962153687
Republic of Adygeya,79000000,79000000,1.62906402238883,63.1,12.6,195.8,458916,113.9,26.89,0.471907712958363,75.4601513334421,266.171280129577,87.9237503846915,221.089315069976,36.6338101066679,3.93753976762632,0.0375520967794558,0.361484803800684,6.23643542609105,54.3,19.7,766.340681083248,29115,29.7,0.1,26,0.128563833032625,409.425962739475,0.0422546521098458,0.172271096896726,2.02833333333333,23.1616666666667,77.9816666666667,69.7966666666667,7837.80157225613,85.4322354588731,28.1497223903413,1.27586797239133,0.00748938803615476,0.0126332616278055,0.00408079913259282,0.0444762561377121,0.00978163820011308,0.00486533667848907,0.0150807779922154,0.04096449753713,0.0161209423497412,0.00508564926810392,0.00546688234667243,0.00543317331656743,0.00810060097261467,0.00958419959521234,0.0128218716772026,0.0442491214824808,0.0611064456208254,0.0478250877594534,0.0120654249897272,0.00174283711602425
Republic of Altay,84000000,84000000,1.55417588256934,69.7,24.3,422.2,219524,119,21.43,0.292245950328893,372.072629401295,204.986256337086,17.7539538937176,210.881841172937,12.9247970465459,4.49153623294036,0.00117369802688949,0.429049117408144,8.49565423370565,52.9,28.2,1099.1518011698,20256,27.5,0.1,18.9,0.0728849692972067,192.492209845293,0.202667912622632,0.432709950787887,-18.0077777777778,16.3933333333333,71.5933333333333,68.3722222222222,92963.8981078493,13.8935638270482,0,0.236651005904221,0.0129188608079299,0.0196515581797206,0.00450192130772444,0.0141662409015636,0.0146992725177613,0.00415316879631885,0.0183039095862645,0.0258602140000521,0.0148155233548965,0.00934915065760601,0.00989079344692481,0.00674685414040187,0.0062689340321794,0.0130295660495751,0.00679335447525595,0.0797050184091381,0.104188305827122,0.0608198546371977,0.0143436310678588,0.00176184602058229
Republic of Bashkortostan,80000000,80000000,2.69350997523372,76.2,12.1,146.2,4044578,111.9,26.61,0.62339062319975,233.757042550436,94.3476157784498,23.216342949218,111.895464316407,19.6216371265551,4.33444478014764,0.077267750182556,0.489220694181346,5.48363760075835,54.9,20.5,886.657915856735,30567,27.8,1.9,24.6,2.03111424727129,342.611771646789,0.0835132144795713,0.646799272210311,-13.7541176470588,19.4729411764706,78.1370588235294,65.2023529411765,143015.731307019,52.8280766276518,25.9560469967611,0.167813706790605,0.00231989591992045,0.0176265121549612,0.0143760340120853,0.0838993191920907,0.0162430233422097,0.00555714850421427,0.0331812588199157,0.064212750762335,0.0320592457899388,0.0102123271535527,0.0104597068426297,0.0087294451178279,0.0158372089642246,0.0204359131678863,0.0144638080907328,0.0309178224839758,0.0517621170501052,0.0471476054059072,0.00813921060025237,0.00396046190371658
Republic of Buryatia,81000000,81000000,1.2840577034841,81.7,20.1,397.7,984605,109.9,21.81,0.591467644385312,284.106732088011,133.29933910562,13.0658953891423,161.99075956509,7.97208800886142,4.51856328172211,-0.011832644263319,0.407648559797054,4.80801945958024,54.8,24.6,686.848126913839,25268,23.6,0.3,20.6,0.648991219829272,257.201204548482,0.0819085680303386,0.322452393943793,-23.9337931034483,17.2306896551724,75.4672413793104,71.8641379310345,331772.155917902,11.4140605531358,6.83694253575468,0.12659290193838,0.00273307570040778,0.00957310792348942,0.010806882911325,0.0436423113392725,0.0225465567966286,0.00496994292831573,0.0155071634380633,0.0349971756801803,0.0297223567033458,0.00618333106792205,0.00650377525508859,0.0069804568336845,0.012684511633236,0.0120477006285488,0.0159497433796212,0.0508611089622549,0.0583134286649539,0.053678571387533,0.0103048104399345,0.0023763651635913
Republic of Crimea,35000000,35000000,1.9193546869167,68.4,17.2,112.7,1912220,118,18.93,0.509902103314472,86.8280991031134,98.2330027819237,54.7150247635679,87.8836121261367,27.5226148396886,4.43411322964931,0.0325147050482104,0.406228231371323,7.09175722458713,53.3,18.2,668.23079980337,22310,34.2,0.5,28.5,0.143288952108021,320.805014646617,0.115947001544902,0.165314260391759,3.48,24.87,78.11,66.33,26217.1165802235,83.5751542186446,51.9010121491439,2.17415213551734,0.00909727960171947,0.018069917967904,0.00551847215959494,0.0369781295820268,0.0145142342437735,0.00939842560525557,0.0178105021906799,0.0422709374876069,0.0271676214259614,0.0121748808487833,0.00617750989621152,0.00592682634446887,0.0147224340468255,0.00998309225294027,0.0130153330226493,0.0365418126526337,0.0616192925119518,0.0624956547366741,0.00984965599839233,0.00199349839698907
Republic of Daghestan,82000000,82000000,1.60039448923737,56.1,14.6,24.7,3098492,116.8,19.71,0.452824470742542,64.5858301041496,77.4730909151305,6.39145338286352,114.470321789787,1.99288708949626,4.14911511793479,0.125958335070029,0.193194907798432,6.39020529986845,59.8,25.8,183.10252213012,27408,30.5,0.8,14.4,1.07536182116978,195.491671521614,0.036807375780356,0.240887697314469,-1.13818181818182,23.9172727272727,81.8972727272727,61.2118181818182,49776.4015570597,54.0837971378932,20.3951992431386,0.462066346311407,0.00317347922795992,0.00618787362467837,0.000990070573849589,0.00939258284654747,0.00470149948053056,0.00150483171494402,0.0101675309724622,0.00917729849009688,0.00794215239289755,0.00189562490247441,0.00244902820932934,0.00163403471051753,0.00385315282747296,0.00431702072511467,0.00323255748657918,0.0269341292301185,0.0578834277424767,0.0348745006293427,0.00519321564288235,0.000864429565622724
Republic of Ingushetia,26000000,26000000,1.02946193850444,57.3,30.5,46.2,502227,112.5,15.54,0.555563520081557,64.2489843001588,108.767052319189,3.23465426459438,62.1805158799642,2.50691698600221,4.48004587566977,0.12562114009438,0.182064001028765,3.96036055409207,58.2,28.5,229.934272749175,16614,24.2,0.1,13.3,0.0219024465032744,183.063787412175,0.0613240076838096,0.332801042837786,-1.08333333333333,23.7433333333333,83.7766666666667,65.6266666666667,3419.07581275908,50.7943130988075,11.8738296362176,2.0473368779592,0.00447208134966858,0.00628917016666188,0.00301269828034731,0.00215466429362109,0.00362338036420149,0.0026137877426588,0.0048351652051043,0.00352348167037212,0.00554779869567476,0.000581259865808548,0.0034420573925249,0.00188233771729172,0.000403700201091281,0.00137942306000004,0.00220324516527784,0.0372488701645893,0.0589097807848379,0.0331451549848521,0.0109436966377186,0.000324328636130961
Republic of Kalmykia,85000000,85000000,1.72238921570435,59.8,23.5,75.5,271891,113.1,25.25,0.45733400517119,263.675547219293,197.950237413816,2.3854388362111,290.028152967653,2.72937176939649,5.00936036867715,-0.056658169871921,0.350254456685799,6.64972360247305,55.1,21.9,378.001478533677,18508,18.6,0.1,23,0.386184169391411,320.634373383899,0.0480716775889708,0.418337457581048,-3.25333333333333,25.8608333333333,87.3333333333333,50.3791666666667,69835.0877831655,25.955229626237,4.07045237949622,0.0286388986323022,0.0506158718015675,0.0236309600981673,0.00238832764338859,0.00441887339274244,0.0159526669506271,0.00524457526386365,0.00785985410869218,0.0143319683709325,0.0178136668024347,0.00194310278644611,0.00783515647794724,0.0045550441136064,0.0040724390587797,0.00928430664949465,0.0157237132385862,0.0679625397817921,0.0830567971881494,0.0523349470520511,0.0102001214976582,0.00164673121750689
Republic of Karelia,86000000,86000000,2.60233461007322,89.8,15.7,187.3,616060,115.1,27.35,0.808497548940038,214.721197228281,129.806462048422,24.9657861747388,147.964547469535,27.9543809222844,5.15696523065935,0.0672449447387231,0.5602991950101,6.89543226309126,53.9,18.4,865.330324968347,30854,23.2,0.3,27.7,0.444761873843457,386.851676870704,0.197173481428034,0.192702179380404,-9.64142857142857,16.2907142857143,87.0642857142857,75.4735714285714,157233.068606605,27.9534106281304,20.3346945222378,0.508798821449952,0.00863227607700549,0.0210075796173625,0.0196156471519261,0.0672470219963275,0.0262744569189674,0.00741862058709676,0.0262286815544615,0.0651217802376548,0.0482906003240293,0.0115745418382917,0.0115046741766774,0.00816036218432089,0.0175723192034219,0.0139735323228582,0.0116200160490837,0.0613922926452782,0.0685880594841225,0.0598606248566132,0.0117248175415052,0.00312386747381483
Republic of Khakassia,95000000,95000000,1.4715626415504,84.7,19,193.1,535215,107.8,25.55,0.697486057005129,201.197189979365,199.734831747325,21.6844256090738,207.052718600212,25.1845695878621,4.21886531580767,0.0820330279049153,0.440817545587731,7.95568136169577,54.1,22,1156.66713376867,22689,17.5,0.3,23.9,0.173761946133797,368.666851932327,0.0895816646926058,0.424261168818038,-17.0057142857143,17.6885714285714,74.0157142857143,73.27,61650.017042029,25.0182794826032,22.0648637705969,0.113544169748207,0.00474015115420906,0.00713932174682059,0.0288232156707698,0.0451218810731355,0.019934290403758,0.00469795828763547,0.0163715367688798,0.0280209399152617,0.0349941425753843,0.00435639534222112,0.00783384458122734,0.00803001015554013,0.0119854403009705,0.00918144681884798,0.0104057548486699,0.0607954413883425,0.0763429446003379,0.0538598831782201,0.0106620133982123,0.00226246598120268
Republic of Mari El,88000000,88000000,2.08119608428991,63,20.1,109.8,679899,107.7,27.75,0.66843457631207,164.704414420828,121.339389589476,31.6475547562373,144.526933579759,19.0152890902376,3.61671365894052,0.0417015242917396,0.483910927292959,6.12296826440398,54,19.8,872.691237963286,20864,26.7,0.2,26.2,1.82821271983045,248.055498397954,0.121177525635775,0.406227099625397,-11.5016666666667,19.2766666666667,83.0733333333333,70.63,23392.5224852729,63.9988766758731,10.0943955063827,0.512984437978195,0.00343433362896548,0.0269127664005433,0.000865052232975998,0.126699374139067,0.0182761350228871,0.00714675867161751,0.0133222401824062,0.0404155889602993,0.0211837019583464,0.00923503180456051,0.00942787090435491,0.00709827652505903,0.0105573959705235,0.00911164746528528,0.00811885294727599,0.0458959781226765,0.064729930202596,0.050688628970109,0.0117765312963423,0.00244862077281304
Republic of Mordovia,89000000,89000000,3.59150945903363,60.2,18,328.1,792851,109.8,28.46,0.63618258663986,114.164209392284,110.37749767285,102.094433207097,161.646599519327,74.7355050417136,5.32508630247045,-0.0083916308401274,0.492286629787983,6.04274952040169,56.3,15.2,718.136194568715,19748,25.5,0.3,28.5,0.865231928823953,264.390876727207,0.0816271636777297,0.302114384713445,-9.92285714285714,19.8228571428571,84.6042857142857,68.7642857142857,26172.2274702987,59.0496432958559,48.5975953487142,0.229250643905225,0.00246704614107821,0.0380865767487355,0.000132399854469485,0.108644721866472,0.0126801424074913,0.00732500514651228,0.016266139819493,0.0392656299366762,0.0325251107805376,0.00519697432146044,0.0102082304037412,0.00837569096286065,0.0151426452845278,0.012030016556949,0.0115806187429629,0.0475349081569429,0.0599450982384854,0.0524973263910437,0.0128857990342307,0.00196381916121744
Republic of North Ossetia â€“ Alania,90000000,90000000,2.48494267669484,60.1,13.8,30.2,698045,107.6,29.19,0.643349640782471,44.7867443825721,107.153958266318,17.9289583966981,171.323213935495,8.80068938607713,6.80901661067696,0.0575396528523358,0.304399575169617,5.65293068498449,55.2,21.2,305.895035420353,24495,29.6,0.2,23.6,1.90961900737058,296.633488418488,0.0565662614238255,0.138813754872812,-1.435,22.7,82.945,68.44,7983.53030946873,71.0643074776825,38.8428176697563,1.50309443752817,0.0079636699639708,0.00497844860921615,0.00129684135433734,0.0206305996841489,0.00999919962802946,0.00483674851326495,0.0108000906465376,0.0191663653593198,0.0141194024179954,0.00416899329919451,0.00603237551335142,0.00422920286377451,0.00560467998564521,0.00698664520714737,0.00633965191189763,0.0569476076092848,0.0655435610490209,0.0499529171585944,0.01084265258012,0.00192385130272217
Republic of Sakha (Yakutia),98000000,98000000,1.5637924435903,153.3,17.8,48.9,969503,110.2,23.24,0.660214563544414,271.368537552842,124.853632468397,36.5952453588025,174.962080151362,13.5049013860478,6.17532900878079,0.117614426153458,0.664443033068375,6.17429755245729,57.6,24.8,752.256362280467,45458,12.9,1.3,17.6,0.733365446006872,230.873756087068,0.17040201451146,0.199951378218739,-33.8038888888889,15.6496296296296,77.4648148148148,70.9924074074074,3075052.00229005,2.35116048804979,0.475773725572067,0.0734946920675467,0.00341927771239491,0.0117834931345694,0.0834278047045181,0.0185379204029739,0.0447972583776315,0.00647489544184552,0.0867673236241203,0.0284819830939724,0.0533343501773589,0.00807275738187504,0.0121597239914563,0.0108727315267032,0.00984539386560834,0.0270366907351269,0.0100652946234651,0.0612269608471786,0.109642195537301,0.0610251463894387,0.0194741102743708,0.00141699893886066
Republic of Tatarstan,92000000,92000000,2.85593642451436,78.2,6.9,490.8,3900758,108.3,27.3,0.769164864880108,144.345134445114,77.82693176521,19.4682086415009,73.7698755158087,13.2840432500611,4.28583367642904,0.053892914092889,0.598321285210483,4.44580258503604,55.2,19.5,1065.38862446735,35707,23.2,2.9,25.3,2.73536579300741,314.478324169426,0.140448438401402,0.698448462514454,-11.9892307692308,19.6130769230769,81.0761538461538,67.9146153846154,67996.2702013496,86.318258163541,35.0888651970881,0.617680938610753,0.00193936665642934,0.0245115867520984,0.015517608316796,0.117713743351153,0.0161066335594633,0.00666541763406504,0.0400656985649708,0.0717759094254375,0.0487771696635907,0.0112544551077256,0.0165589332392186,0.0131096779547514,0.0171284992390665,0.0213594680680086,0.0138618078770881,0.0318960210862324,0.0715068192134578,0.0456856579290932,0.0114741727157883,0.00335056580716148
Republic of Tuva,93000000,93000000,0.578527290665673,82.9,34.1,61.1,325903,117,14.19,0.541921982921299,210.976837879522,152.440329051044,8.18070909234896,181.254717701102,4.36956208753055,4.99535137755713,0.0181813769280248,0.385961649569209,5.22854959911385,53.8,34.6,371.56454527881,16583,12.8,0.1,11.6,0.0889835319098014,142.483732657672,0.0606976878002137,0.56292316791173,-23.528,16.409,73.611,65.921,168541.411314282,7.65095262433413,0.000130535141662981,0.0889988987455983,0.0239825960485175,0.00554649947329072,0.0165967233596668,0.00239654403977045,0.0106053632602407,0.00249121950635824,0.0119524924896405,0.00624629945824987,0.0100179191000876,0.00160149825408744,0.00600333711628361,0.00579174315180126,0.0062417367851613,0.0102009963577664,0.00503947242632358,0.0709877789143523,0.125703354592462,0.0676627309010582,0.0176934759033314,0.00318531614995668
Rostov Region,60000000,60000000,2.49448463857797,70.5,13.4,224.7,4200071,111.5,25.82,0.681720618532401,132.559757648541,101.147976973731,35.4835576932724,107.859241702787,18.4313849960296,3.71112774045963,-0.0136916027010674,0.451803605276341,8.04772109804811,55.4,17,760.130031135188,30752,34.3,1.7,27.6,2.09425031148283,322.492099602125,0.157940352004132,0.43704373771874,-4.014,24.33,86.933,54.833,100954.593791709,60.3927263710153,43.397422303038,0.465555832921986,0.000212615453405431,0.0194510636547457,0.00462958479452969,0.0716656700629765,0.0160631632162361,0.00760263063354249,0.018484301589514,0.0624023747056014,0.0358660345734039,0.00636803744181505,0.00949347884798994,0.00828054593992006,0.0129366044144757,0.0178413263835603,0.0107304787379015,0.0366925634926541,0.0552216468590951,0.0472776088974263,0.00836280344571483,0.00243360163173174
Ryazan Region,61000000,61000000,3.21739608800854,72,12.7,218.1,1111492,107.7,32.7,0.721701100862624,162.434615725503,139.514300679906,49.6566298693992,150.231095570249,30.5449803339935,5.2514997858734,0.0999901375635355,0.542753943948015,7.06527802269382,53.4,15.9,1007.99025094198,26886,28.8,0.4,30.7,1.82817330219201,379.227150700497,0.0520643190225093,0.197767288233292,-8.90142857142857,19.9442857142857,86.2371428571429,68.9228571428572,39714.6951493843,61.5507819245251,58.0995353977288,0.478412333987022,0.00862174446599706,0.0235476581998477,0.00134481989461653,0.122136839356637,0.0204423743765356,0.00538113287574008,0.0247733616242195,0.0573745454889525,0.0331991249579419,0.00522983642555646,0.0134908247834665,0.0100583497505145,0.0171064392834002,0.0152996429228555,0.00861918017649617,0.0480303891151956,0.0697473265715075,0.0509912842327089,0.0121136564273408,0.00386698900291137
Sakhalin Region,64000000,64000000,1.63192744804478,182.6,8.2,64.9,488948,119.9,27.09,0.822768474357191,181.062262315789,193.338780275063,101.141707678085,220.923815300451,66.7833933477872,6.34832333908718,0.174878131406286,0.646267066026026,6.39127269157456,56.6,19.7,757.197697914707,59015,10.3,1.2,23.7,0.102260363065193,314.951045466242,0.113141670880714,0.24047632872606,-13.1373684210526,14.8294736842105,76.9115789473684,87.0836842105263,86200.4731832405,18.6981836156915,13.2796471472839,0.89326655825099,0.00907662982566653,0.0360982695060522,0.0375566540478583,0.0276518525920986,0.0294730265491607,0.0106647079699862,0.0545011600733569,0.0384105100122507,0.0686958379613073,0.0137205945086517,0.0097537596474161,0.00914453359749413,0.0229988254006127,0.0259477541037048,0.0173098248490283,0.0780759678722944,0.0733087559644531,0.0713130528365059,0.0186464364496578,0.00299554208413587
Samara Region,36000000,36000000,3.57046257122117,76.1,12.9,340.6,3181285,109.7,27.41,0.798231532226757,114.492361116787,81.4264861746295,40.7397329781181,92.8445246786296,21.2896566192475,4.87444538920593,0.0742809674985121,0.585108102045337,5.58485014703178,54.9,17.5,972.655074914696,29421,24.6,1.8,27.6,2.16516281942674,310.720135920463,0.114474409263604,0.253516706110379,-11.59,21.436,80.912,59.934,53536.3798234139,92.0466818631415,68.311433807443,1.02733879618707,0.00118914212338725,0.0106457079341812,0.0106059718974667,0.127757656256103,0.0173636174265572,0.0072829742565477,0.030585525988881,0.0773684110010958,0.0453425395661208,0.00972525184452435,0.01517893699878,0.0140608313432178,0.0184545834835566,0.0206872448893839,0.0204445344288181,0.0378774322652089,0.0554143652294242,0.0533084697966313,0.00851456236854812,0.00448965683990184
Saratov Region,63000000,63000000,2.97799863330161,64.2,15.5,221.5,2431355,109,29.92,0.757553709762663,133.682088684369,95.2060959738091,33.8449644447478,128.24709094874,30.9740843906454,5.06178653466894,0.0418423494665479,0.479130211903912,5.763041596147,55,16.8,762.251625122617,22757,27.7,0.9,28.2,1.6694394689381,327.330420371884,0.0561047197310601,0.400284690898907,-9.70454545454546,22.4636363636364,84.8381818181818,56.9327272727273,101129.799140399,37.2427188135136,46.0526746582993,1.3448063889773,0.000171098009134824,0.0189298858978935,0.00425815683398389,0.0794943934181108,0.0227920794633595,0.00714962345164434,0.0180975778377227,0.0501809223102494,0.0377714559090788,0.00523785745359724,0.0100167863748254,0.00970622254967815,0.014303060713807,0.0157876799338042,0.0130752380687088,0.0405580053471867,0.0628430723534071,0.0566574455957125,0.00884385268895141,0.00342674614099396
Sevastopol city,67000000,67000000,1.77629147388999,72.3,11.6,424.3,446175,119,28.78,0.9316254832745,98.8409784609068,282.929158247176,93.8130372190007,166.361729871417,28.9690408591362,4.56547318877122,0.075083217943702,0.42104974618389,2.66884294287852,55.6,17.2,892.561280317149,30205,27.9,0.1,27.2,0.714966100745223,301.612774406609,0.171649303891384,0.282645315200471,3.48,24.87,78.11,66.33,877.47717762945,306.201742652193,174.73718331745,15.9548309140321,0.000858407575502886,0.00774448519852801,0.00266735678527274,0.0347788335141267,0.0140809188252021,0.00903241098497904,0.0179313936646951,0.0504197751229173,0.0241876090655464,0.00983298081655704,0.00808672275492768,0.00542138150296707,0.0181345594225578,0.0175024881758738,0.00977936763045439,0.0810228267209732,0.0500114280738798,0.0460988748083732,0.0109943311110063,0.00332321132503982
Smolensk Region,66000000,66000000,2.05757047093291,65.3,16.3,156.3,938626,110.7,29.41,0.718271175100626,165.426675138187,122.04462916086,128.018142682546,151.842453384509,92.1257075052359,5.13623104410063,0.0284342897466299,0.54843953064169,6.78438483485435,55.4,15.7,809.757134364486,27388,31.6,0.4,28.9,0.706351624608737,246.218283188113,0.181007551247484,0.448196301751944,-7.015,18.61875,87.86125,74.775,49836.9405221324,56.9428491265263,39.8884642764397,0.561832241438764,0.0174446478149977,0.018187157215077,0.00157884978520066,0.105539281201885,0.0314843031831281,0.00821540351081269,0.0225279364296384,0.0600553304349523,0.0544232020964417,0.00702924693649872,0.009961369064995,0.00707963166776822,0.0176954253148628,0.0126219521074129,0.0135069541429176,0.0487593429157195,0.0606655241460902,0.0565005145665681,0.00984233032966745,0.00276596790018771
St. Petersburg city,40000000,40000000,3.11263445561223,137.6,6.5,424.3,5390977,109.1,26.19,1,119.116909302915,281.188007149197,60.432613620176,226.293714093275,48.6572427296987,8.49975802159794,0.147850780646019,0.685837666849497,2.66884294287852,57,15.7,892.561280317149,47169,30.6,5.4,27.3,9.11244844858362,301.612774406609,0.177888776519733,0.316447197384614,-6.57,18.3033333333333,88.0033333333333,74.78,1401.45320771465,1382.69229758496,1398.23072680634,27.114711922467,0.000741795040119815,0.00123279415072272,0.000942380365783973,0.0997505288962546,0.011047862368885,0.00542277125050233,0.0444183718559051,0.110447154602114,0.0615728967449571,0.0178496760387693,0.0314329965428361,0.0182612148917876,0.0270091328594219,0.0549217897355448,0.0257168500938552,0.0298208811149679,0.0655527436554327,0.0585386519578528,0.0165019725341,0.00531720173925835
Stavropol Territory,7000000,07000000,2.30049297806763,66.5,14,157.9,2799408,108.7,24.74,0.588499782811223,130.051388346195,135.65725692132,35.8430038381213,147.415447869101,19.930481310308,4.42486411412699,0.0716003823812368,0.378778800980047,6.50780450723867,56.2,18.9,830.547565771049,24366,34,0.9,24.9,1.05736641461338,291.893308539302,0.066420659688874,0.276894381507291,-2.48375,22.681875,81.90875,61.009375,66183.9268711729,54.1567169581658,28.6472255567786,0.815908069418593,0.00120025376793951,0.0370012140645171,0.00165706107705172,0.0352704846411553,0.0167231595463102,0.00734776603403062,0.0215214541648999,0.0502281463556209,0.0213925504493548,0.00350436318991531,0.0049838956291379,0.00546792018233118,0.00624630031081508,0.0103085470862035,0.00619055644566071,0.036922397197024,0.0506419984719494,0.0543741678337157,0.00739785288208266,0.00159934679021002
Sverdlovsk Region,65000000,65000000,2.45631722690684,85.9,8.9,149,4313190,108.8,26.64,0.849804900781092,156.094306629491,89.7042747131335,28.875626947979,101.458026225352,13.0641711488672,4.36614199699063,0.028621374872712,0.635303966638882,5.12567264599983,54.2,19.7,789.080309469325,39094,27.7,2.7,26.1,1.7170586039567,383.07768915302,0.141946699082685,0.331574153315828,-16.3138461538462,17.9292307692308,77.7953846153846,71.1446153846154,194211.720503047,35.7586606097134,48.8785660879113,0.365580407897608,0.000258741210102036,0.0121789380483443,0.0118057157702193,0.136303813080907,0.0213963091965503,0.00918541733253157,0.0237063519112304,0.101543793636903,0.0432004893870171,0.0109183236602246,0.0142129032176928,0.0143813130869166,0.0173572955638719,0.0253952415370105,0.0168362815412286,0.0432933565005769,0.0666613487304356,0.0521600912002109,0.0113512187266573,0.00341593561512323
Tambov Region,68000000,68000000,2.61415965067723,60,10.7,96,1011357,108.5,31.02,0.612546311539842,148.808559214746,120.384060381673,98.6377048554487,158.148003826637,98.9209009277176,4.01539713474075,0.12721150317844,0.478040114833744,5.63401449735356,53.6,15.1,767.916472620449,28154,29.7,0.4,31.3,1.20432250926231,314.816637564643,0.149963110527686,0.28367912991768,-8.18,21.0711111111111,85.9622222222222,64.3711111111111,34454.727241983,55.4328575470917,44.8348378415424,0.34828312282728,0.00490430184395817,0.0401278500960118,0.000257892015897836,0.0899129998517287,0.016011441639391,0.00632886930001643,0.0161215714916735,0.0502064840649519,0.0310922214617544,0.00700717326457748,0.00774118780768012,0.00602467478341018,0.0117866612759487,0.0119309184693909,0.0168745866625569,0.0468584996611395,0.0579107774497568,0.0511646322270216,0.00712080808703318,0.0035603118074594
Tomsk Region,69000000,69000000,2.39217027048813,95.1,14.8,346.2,1078356,108.4,24.93,0.724569622647808,194.114267914931,139.783254407588,45.0366883081674,156.406048736563,23.8855919474367,5.64006691667687,0.0535778214854068,0.488531576327056,6.1630852890882,57.5,19.1,971.043792587977,28381,24.4,0.7,23.4,5.28860598911677,280.342700581563,0.0891494681590577,0.322245940548546,-19.62,18.289375,79.15375,72.011875,314532.6455619,5.70903971814817,2.50694304475473,0.314752701816184,0.000529509735189492,0.0134441364608639,0.0199422728349612,0.0686276549472168,0.0180679220720366,0.00591754243617539,0.0204548082612711,0.0468155470799592,0.035041747123278,0.00711469488095163,0.0131469046198666,0.00901597875155208,0.0115030173950782,0.0299646144122446,0.00996363707911576,0.0442267432212029,0.0703716946262967,0.0542731149364725,0.00797913474407984,0.0026607329966211
Trans-Baikal Territory,76000000,76000000,1.49381900537888,91.7,21.5,223.7,1062742,116,21.51,0.683039721776311,168.763007919969,94.8496460801485,5.22261646223815,159.711410429298,5.41595963783951,5.07743177553912,0.0418210324507233,0.448492813119939,6.7730455745609,56.3,22.8,764.472750677022,25750,19.4,0.4,20.9,0.332159639874965,275.864269059895,0.0431985131314214,0.169738015662235,-26.4804166666667,18.3279166666667,73.43875,69.7508333333333,432347.976483877,12.3684113053813,12.9955368333862,0.201226800475714,0.00420704178436535,0.0087375773315873,0.0262003641085641,0.0251897072458829,0.0253733870692807,0.00473623187938792,0.0148000143052989,0.0223243688543159,0.0534608566246007,0.0039054107673674,0.00730340393342838,0.00647926816529859,0.00952126676917817,0.014503519303745,0.0104789422815253,0.0692392710083079,0.074837243715211,0.0594450750747907,0.00983731640161245,0.00212025681494513
Tula Region,70000000,70000000,2.75283109853376,79.7,10.3,252.8,1472472,109.5,29.53,0.748230187059584,128.566799144022,111.100003617279,93.8866216471776,143.478269391957,57.2716001055229,3.83708484779337,0.0940386738759011,0.544329912932508,8.38793539028246,54,15,917.628043181806,28557,27.2,0.7,31,1.69239211339842,351.130429843294,0.150671131834099,0.377181723785205,-8.166,19.44,87.268,71.134,25714.4684942392,109.869700384787,73.8388785011708,0.544440574501332,0.000882869080023253,0.0162269324671055,0.00227911018065262,0.153371085921926,0.0215144630556265,0.0081719468777423,0.0263659669916631,0.0524078380261724,0.0279905970166973,0.00774950282648901,0.0118767271283584,0.00949499284951504,0.0135336787137297,0.0221815196938663,0.00985480601731369,0.0378123268847167,0.061920186421705,0.0488058076385732,0.00983304870237865,0.00293924975345063
Tver Region,28000000,28000000,2.22409291173528,70,11.7,195.7,1265007,112.8,32.77,0.760658241416846,131.198178382981,140.072038831294,48.394585276854,179.681760127843,28.5088189093544,4.52013309017262,0.0461049427117934,0.554299724835567,7.36675765430547,53.1,16.9,723.987772399678,27211,30.5,0.5,30,1.33754200569641,396.060760721971,0.107218108154786,0.142094342488466,-8.047,18.371,87.09,74.622,84397.1587755166,60.5937450356698,36.3019615137523,1.09008408973465,0.00140789734760361,0.0187073840314025,0.00117951157225235,0.122246556366242,0.0289277334518579,0.00793129603979756,0.0231681797843963,0.0656999706619758,0.0306388663575084,0.00950070295569864,0.00908877458003005,0.00797253353891581,0.0153300775151692,0.0152413498997379,0.0160580608028524,0.0522175415278774,0.0628542854791405,0.0536327172196394,0.0108329570337103,0.00307167263287678
Tyumen Region,71000000,71000000,2.02716766314387,152,12,344.2,3740252,107.6,24.18,0.809358032560373,180.761070329329,215.189695280377,72.7826548028229,219.767711703674,37.5065661057631,5.61619912241207,0.0973756051203982,0.701230428056267,5.0753264753284,59.1,22.7,1093.2648655759,48335,6.9,9.4,18.2,0.516810097287562,316.36832938806,0.188696925872349,0.6012386099599,-17.2255555555556,18.6722222222222,78.1366666666667,70.9877777777778,159855.561385413,21.7279833684782,15.8004789334501,0.512963072972464,0.00052055316058918,0.0110547940983764,0.13061553750408,0.046345086155808,0.026529062937647,0.00777859583510459,0.0695154803878475,0.0489108985957139,0.0724551920081724,0.0145604438611141,0.0136865195577464,0.0101442263181619,0.0182561873148524,0.0305305306093249,0.0196723445978331,0.0467702409649523,0.0640882195559439,0.0540959053306855,0.0125620624460109,0.00365896426031053
Udmurtian Republic,94000000,94000000,2.18301015020437,71.1,12.4,205,1504172,110.5,23.08,0.66034203535234,189.015440414072,81.0490793776182,11.7337152967234,105.494117890165,10.8829653533481,4.95422066093505,-0.104464119036377,0.594629593680234,5.70014599394218,54,20.6,1368.17199096912,25066,24.2,0.8,25.4,1.28575721393564,297.904988092,0.158460628286595,0.492704234412478,-12.8542857142857,18.8814285714286,81.3328571428572,71.3485714285714,42151.8778977207,66.3429528184389,45.6898279485982,0.284684825409615,0.00248508814151573,0.0323271245280164,0.0137856082455503,0.144851933304318,0.0170078805999432,0.00565242686489459,0.0272400388411057,0.0568744059116171,0.0338392151961345,0.00959122484120955,0.0108905738813755,0.0100455168592323,0.0129761312757672,0.0191149830087398,0.0119551438217123,0.0412643658462621,0.0779797789082632,0.0540616119452848,0.0119750883493328,0.00319629522273901
Ulyanovsk Region,73000000,73000000,2.69680864904247,64.1,15.5,273,1234120,105.4,29.06,0.757256182543027,100.035371315269,108.148713039936,18.0444076898608,136.795608715333,6.24671153009371,4.23297572359252,0.0863358889334174,0.520399804759742,9.14902926781836,53.9,16.6,933.350646614592,23698,30.3,0.4,29.5,2.73069069458399,290.878832314828,0.0435478294184398,0.207897370515448,-11.11,20.34,81.685,65.26,37239.8263479066,59.2310218986256,48.3557521422803,0.268529716185482,0.00117087479337504,0.0119816771936732,0.00266434881498941,0.126030027961306,0.0172748962748546,0.0081675828651117,0.019594231236072,0.0565228905492182,0.027539471839864,0.00983372166308764,0.0138228034102943,0.0126873395159415,0.0126953071561375,0.0158494403439327,0.0128760072224704,0.0445407623570432,0.0626908963907913,0.0541587564035022,0.00896780453989524,0.00250138802305528
Vladimir Region,17000000,17000000,2.60347345732088,69.1,12.6,216.9,1362110,112.2,30,0.782500679093465,114.976645364236,125.771402655679,29.7176378020674,156.063447397102,7.62434534561827,3.50485643597066,0.0390672225100333,0.561225207427975,5.99951545763558,53.5,16.7,775.413366027707,25358,29.5,0.6,29.8,2.01525574292825,296.184301565743,0.14801351088183,0.336065351564412,-8.56833333333333,19.475,86.13,71.1133333333333,29144.4698356272,82.79531918824,66.1946126004516,1.06366662954714,0.0032361556702469,0.0143975362029375,0.00294252107625491,0.158256668443962,0.0179722540146448,0.00855215214822358,0.0164784199225816,0.0662572917210565,0.0250534886878707,0.0114251000217708,0.0114484283145919,0.00781909485263277,0.0196883930147681,0.0227426154460606,0.0147360708993475,0.0470930991685042,0.0539179970712014,0.0487666983405419,0.0102643116160421,0.00341320369023403
Volgograd Region,18000000,18000000,2.87791906660522,69.7,12.9,173,2499272,108.2,25.01,0.772016011062421,123.107647534495,101.966118001614,27.4665129976643,129.227238349243,19.1725256537009,4.51811567528464,0.0309153778777198,0.420374289131429,4.88342205250169,54.9,17.2,668.843967363296,24158,23.9,1,27.9,1.99178000633785,436.181884092938,0.102882336187195,0.433369195040563,-7.59666666666667,23.612,85.4886666666667,52.994,112673.649852405,42.0923574651214,30.6043458300071,0.275130876124168,0.00166008341629082,0.0193195785024257,0.00225938288675928,0.0705346380472551,0.015276579687546,0.00730937803551054,0.0187929406281725,0.0438572885466142,0.033088032320622,0.00574046943890826,0.0104791170926679,0.0086582589899359,0.0115085607646615,0.0134862587103762,0.0122459703981646,0.0403762019944652,0.049135911291758,0.0483512019100691,0.00697915436982535,0.00297543839665929
Vologda Region,19000000,19000000,1.57318959537074,81.7,12.9,357.9,1164079,113.1,31.06,0.726201572230063,159.538072677981,91.647849934349,9.91666691490027,120.597725599305,9.8823001128742,3.53841964334036,0.00655555789235218,0.573651089459705,6.73321999623737,53.6,19.5,1064.09487672228,28334,24.3,0.7,26.9,1.08755505425319,327.504275451245,0.161609590150938,0.352299844922834,-10.5793333333333,17.7793333333333,86.3633333333333,75.5693333333333,143440.677917627,26.2256640305335,13.6594349272067,0.306747016528098,0.00257027229251623,0.031435235078483,0.000675859397294585,0.118609397605509,0.0221655277460845,0.0087369692160581,0.036898204823843,0.0611264099337362,0.0453394755366978,0.00835007697392646,0.0112870282320302,0.00948094344471389,0.0131631510930049,0.020696971981937,0.0115950675399742,0.0481627952290718,0.0585399695843077,0.053512774489468,0.0100551915406367,0.00382116190426784
Voronezh Region,20000000,20000000,2.34996482668267,70.4,8.9,213.6,2326013,111.5,30.8,0.678848312541675,151.675054402481,124.355992609279,94.8143605722569,121.864362721961,59.1695094629421,5.28457923493979,0.0219973104975857,0.539634204479248,5.55757856899338,54.9,15.8,770.594489368718,32022,36.3,1.1,29.3,3.4733253855417,346.709648207487,0.0512282890466365,0.472162994645591,-7.209,21.624,85.712,63.156,52257.9015088059,76.8868166420813,57.3501026827883,0.516668278297594,0.00130738736197949,0.0322635932561939,0.00230246157504518,0.0876543096501511,0.0194315321354665,0.00530407208356438,0.0256788444636203,0.0983704428830573,0.0323170787760822,0.00683878543461993,0.0119679919751234,0.0124634573987446,0.010822947653298,0.0257662380803046,0.0118269562191661,0.0347620639912397,0.0571568348859643,0.0533947589548459,0.0075066104911462,0.00380553781038349
Yamal-Nenets Autonomous Area,71900000,71900000,1.34302150450735,211,5.6,229.1,542961,106.8,20.5,0.839224180005562,134.3068322834,409.245049679298,99.8241160876998,433.951825064862,64.38124438671,5.68917472894002,0.137083305658203,0.961598884310106,4.96168233077514,63.6,24,804.71451909069,83088,2.5,3.3,12.4,0.0219024465032744,317.268075031534,0.240405887129009,0.826417502980886,-23.0525,14.92375,79.318125,72.445,684166.984197363,4.29451733099286,3.36388544325652,0.403410287802461,0.00186385394162748,0.00918096448985721,0.215043764392821,0.028890037262368,0.0479599986095345,0.0122476568298644,0.129526775258966,0.0293875422142218,0.116076187363909,0.0213119190522029,0.0190013299888491,0.00789723954715165,0.0232677679723548,0.0480610633523732,0.0362086883963625,0.0682693785794801,0.078014452292976,0.0511497640604485,0.0156763289078328,0.00442802573853162
Yaroslavl Region,78000000,78000000,2.74376111486538,75.2,10.3,157.9,1256501,105.9,28.49,0.815942048593674,150.007204467087,134.328391357443,27.5185176098249,128.715020064283,26.9912721881327,5.02029047330643,-0.0479183066615881,0.60308559534078,7.4619916737034,53.7,17.4,1179.00773656368,28658,29.2,0.6,28.9,1.92518748492838,269.820389135702,0.127412804451815,0.374368412613188,-8.935,18.5333333333333,85.965,73.5,32901.997634149,75.4133040740555,50.5468935549494,1.24612494523573,0.00260087337773707,0.0156187328502446,0.00106440835908429,0.134538430334125,0.0197029664285855,0.0105553087917491,0.0275118882386873,0.0669947394944055,0.0454667766116618,0.0126378855477853,0.0172080833435361,0.0127640080086014,0.0120944177877238,0.0199144549733382,0.0140913320498098,0.0467466750506832,0.0699952980627737,0.0578367075070906,0.013200916368749,0.00514286194215871
